video_id,title
jz_As_nzSUA,5 Minutos sobre: Romantismo
U4VlAKE_fMg,5 Minutos sobre: Poesia Romantica #7
J7IysernjcQ,5 Minutos sobre: Realismo
Xeugx_L24V0,Esta rotina de 5 minutos vai salvar seu cabelo - Dicas de beleza
ZPmkNvM5yMQ,Maquiagem R√°pida em 5 Minutos com Apenas 4 Itens! üíÑ‚ú® (Perfeita para o Dia a Dia!)
cUNI6-3aYzg,Maquiagem R√°pida e F√°cil: Look Perfeito em 5 Minutos!‚ú®
AMmh1siH4mY,"Transforma√ß√£o digital: Defini√ß√£o, import√¢ncia, tecnologia, desafios | Gest√£o em 5 Minutos (G5M)"
Xnp8g_DrKmM,BURACOS NEGROS - Um PORTAL Para Outra DIMENS√ÇO? O Que Se Sabe At√© Agora? NADA PODE ESCAPAR!!
cnZs8nAkdrg,5 CURIOSIDADES SOBRE J√öPITER - O REI DOS PLANETAS - A TERRA ESTA PROTEGIDA?
nK_h08KTYlo,25 Curiosidades Aleatorias que voc√™ n√£o sabia em 5 minutos!
Qs35xCxWwVI,25 Curiosidades em 5 minutos 1
N7UYvWskkcc,100 CURIOSIDADES EM 5 MINUTOS!?
wW6OACofjRM,50 Curiosidades em 5 Minutos
qUWs5sZE4xc,Por que Estudar o Iluminismo? Resumo Completo
6QOkLu4kOOI,Guerra Fria | Resumo Completo Em 6 Minutos
nTmWFWWbzkQ,O que √© o Efeito Estufa?
XSHXOEoB8jk,As Causas do AQUECIMENTO GLOBAL
GgmlGTFrD3g,Aula Sociologia: O que √© Cultura? - STOODI
MGALB4b3O5I,Cultura brasileira e culturas regionais | Hist√≥ria 5¬∫ ano
N4AfqCBYHGo,5 REPERT√ìRIOS infal√≠veis para discutir sobre CULTURA no ENEM
H3Mc4126A2s,Duas vis√µes sobre cultura: Tylor e Boas
Y_befLlahys,O que tem na FUMA√áA do VATICANO? N√≥s testamos!
aw9lP3WAl2o,Aula de Ci√™ncias 7¬∫ ano - O MOVIMENTO DOS CONTINENTES
z2oF6Itzzyo,OS ATERRORIZANTES INSETOS GIGANTES ‚Äì Como era a Terra NO PASSADO?
5tNRcuzc4YU,"Manus, a agente de IA chinesa capaz de fazer pesquisas e relat√≥rios sem iguais"
YZldtLXNfu8,Dashboard de controle de atendimentos de cl√≠nica m√©dica
PMs7KDyRo6Y,Como fazer Formata√ß√£o condicional na linha toda.
2d0waLuCjzI,COMO BAIXAR E INSTALAR O MICROSOFT OFFICE GR√ÅTIS OFICIAL COMPLETO 2025 ATUALIZADO
IEPemH_lwLM,Aluna de 15 anos √© v√≠tima de racismo em escola de elite de SP | T√° Na Hora
CANYM34cIuQ,PROGRAMA√á√ÉO para crian√ßas üë¶ Programa√ß√£o em blocos üíª Parte 2
gj9R3nmB67Q,De Onde Vem o Vidro? #Epis√≥dio 19
pbb0jzXt_xA,Programa√ß√£o Orientada a Objetos | Explica√ß√£o Simples
uAPy2sl-h7o,Adolescente √© morta por colega dentro de sala de aula no interior de Minas
wbVPvVIepXw,"Malhar, jogar t√™nis e comer pizza: veja o que Le√£o XIV gostava de fazer antes de se tornar papa"
2fcxZTyaREk,O olho e as suas partes - Vis√£o - Os sentidos para crian√ßas
arJVNwjhmRY,Teoria das Cordas explicada ‚Äì Qual √© a verdadeira natureza da realidade?
y-_Ly5Tqggc,O QUE √â TRANSTORNO DO ESPECTRO AUTISTA?
eSrObbUHbTQ,Dislexia ou Dificuldade de Leitura?
qVHPy7Np9rE,INCLUS√ÉO E EDUCA√á√ÉO - UM V√çDEO IMPACTANTE | PAULO HENRIQUE
jizAto4-ofs,Por Dentro da Eletronorte: Visita T√©cnica Virtual - Usina Hidrel√©trica Tucuru√≠
TUy6SC2MRig,Rota√ß√£o e Transla√ß√£o da Terra - Os Movimentos do Planeta Terra
V3NMxTkR6n4,O DESCOBRIMENTO DO BRASIL DE UMA FORMA F√ÅCIL DE ENTENDER!
posTc56basM,3 t√©cnicas indicadas por cientistas para qualquer pessoa melhorar nos estudos
UlY2deWLyw0,Nunca Desista! | V√≠deo Motivacional | Filme - Arremessando Alto
xucKeCMFeWM,Gilson Telles - Outro Dia 1#
hO_tjm9i32g,Nunca deixe ningu√©m te dizer que n√£o pode | √Ä Procura da Felicidade
0YpxVIvQ-lU,"Ucr√¢nia: Beleza, Cultura e Resist√™ncia em 5 Minutos!Descubra um pa√≠s surpreendente!üá∫üá¶‚ú®"
DA6AbROn9Fo,Chuvas no litoral de S√£o Paulo: ‚ÄòFoi igual a um filme de terror‚Äô
eMzxhNRQV4A,MINHA ROTINA CAPILAR SENDO CACHEADA | hidrata√ß√£o + finaliza√ß√£o üíó
-UmOPQRpRIE,"PL√ÅSTICOS no MAR üõçÔ∏èüåä Causas, consequ√™ncias e solu√ß√µes!"
